pdbID,Chain
1ln4,A
1lop,A
1m63,A
1m63,B
1m63,D
1m6v,A
1m6v,B
1meo,A
1mi4,A
1mj2,A
1mj2,F
1mjw,A
1mka,A
1ml8,A
1mmm,A
1mrq,A
1n0j,A
1n2a,A
1n99,A
1nbe,A
1nbe,B
1nek,A
1nek,B
1nek,C
1nek,D
1nht,A
1nmy,A
1nrk,A
1nt4,A
1nub,A
1nye,A
1nyl,A
1o3q,A
1o3q,B
1o3q,C
1o5t,A
1o65,A
1o8c,A
1oni,A
1onr,A
1opd,A
1oro,A
1ouz,B
1ouz,C
1ouz,E
1p8f,A
1pa1,A
1pa7,A
1pcf,A
1pcq,O
1pfk,A
1phq,A
1pky,A
1po6,B
1pr9,A
1prz,A
1psw,A
1q33,A
1qb2,A
1qgd,A
1qgk,A
1qgk,B
1qh3,A
1qip,A
1qm5,A
1qmv,A
1qu9,A
1qvc,A
1qwj,A
1qzm,A
1r58,A
1r8x,A
1rbr,A
1rho,A
1ri6,A
1rkc,B
1rrp,A
1rrp,B
1s1m,A
1s5t,A
1sc6,A
1scu,A
1scu,B
1scz,A
1sg2,A
1stf,E
1stf,I
1sx3,A
1syn,A
1syq,B
1t4b,A
1tje,A
1tre,A
1u0b,A
1u0b,B
1u1c,A
1u2l,A
1u6t,A
1u70,A
1u7v,A
1u7v,B
1u7w,A
1ukl,C
1ula,A
1ung,A
1ung,D
1usg,A
1uxy,A
1vb3,A
1vix,A
1w1h,A
1w26,A
1wao,1
1wbh,A
1woj,A
1wq3,A
1wyi,A
1x6i,A
1x75,A
1x75,C
1xan,A
1xdo,A
1xpi,A
1xwi,A
1ya0,A
1ybo,C
1ydi,B
1yix,A
1z0a,A
1za5,A
1zi0,A
1zn8,A
1zsv,A
1zsy,A
1zy8,K
2a1s,A
2a8v,A
2ald,A
2alr,A
2b5l,C
2bfh,A
2brq,C
2bw0,A
2byw,A
2c0l,A
2c0l,B
2c2n,A
2c2v,S
2c62,C
2c9h,A
2cg6,A
2cmd,A
2cvp,A
2cyx,A
2e3h,A
2e3i,A
2eck,A
2ehj,A
2emt,C
2etl,A
2f2s,A
2fg8,A
2fj9,A
2gf2,A
2gg2,A
2gil,A
2glr,A
2glt,A
2gq1,A
2gqr,A
2gww,B
2h9l,A
2htn,A
2i22,A
2i9t,A
2i9t,B
2iie,A
2iik,A
2ix0,A
2iy0,A
2iy0,B
2iy0,C
2iyb,A
2iyb,E
2j3s,A
2j6h,A
2j8z,A
2jel,H
2jel,L
2jgb,A
2jgb,B
2jin,A
2jkr,A
2jkr,B
2jkr,I
2jkr,M
2jkr,P
2nvu,A
2nvu,B
2nvu,C
2o02,P
2o23,A
2o3h,A
2o4x,A
2o8v,A
2o8v,B
2o97,B
2ocg,A
2ocp,A
2p8u,A
2pav,P
2pbd,A
2pbd,V
2pfl,A
2pkt,A
2prs,A
2ptq,A
2pxb,B
2q16,A
2q3e,A
2q3g,A
2qk4,A
2r0o,A
2ram,C
2rkz,M
2uzc,A
2v0o,A
2v0y,A
2v30,A
2vac,A
2vl9,A
2vle,A
2vn8,A
2vpi,A
2w0g,A
2w0p,C
2w9r,A
2wef,A
2wp1,A
2x2d,D
2x47,A
2xgy,A
2xgy,B
2xnj,A
2xzo,A
2ydx,A
2yfh,A
2zoc,A
3a1j,B
3b97,A
3bho,A
3bm2,A
3bp8,A
3bp8,C
3bpt,A
3c5h,A
3ceh,A
3cf0,A
3ch4,B
3cnk,A
3cxp,A
3d3b,A
3d3b,J
3dak,A
3dbh,I
3dyt,A
3ebb,A
3edv,A
3eg5,B
3egd,A
3egd,B
3egd,C
3eh0,A
3ei1,A
3ei1,B
3ei1,H
3ei2,G
3ei2,H
3emn,X
3etd,A
3ezq,A
3ezq,B
3ezw,A
3f92,A
3fb2,A
3fcx,A
3fjo,A
3fmt,A
3fmt,C
3fmt,D
3fsl,A
3fwv,A
3g65,A
3g65,B
3guz,A
3h8k,B
3h9r,A
3hgz,A
3hgz,D
3hph,A
3hxu,A
3i7h,B
3i7k,B
3i7l,B
3i7n,B
3i7o,B
3i7p,B
3i89,B
3i8c,B
3ici,A
3ici,C
3ikk,A
3il9,A
3isw,C
3jsf,A
3jzf,A
3k1r,A
3k1r,B
3k1z,A
3ker,A
3kqj,A
3kut,A
3kut,C
3l2p,A
3l2p,D
3ll8,E
3lpq,A
3lqx,A
3lti,A
3mdy,A
3mwe,B
3mxc,A
3n2x,A
3nbu,A
3nhe,A
3nmd,A
3nob,A
3nr1,A
3nwv,A
3nxa,A
3o61,A
3og8,A
3onv,A
3p4p,A
3p4p,B
3p4p,C
3p4p,D
3phw,A
3pry,A
3q0k,A
3q2s,C
3q90,A
3qby,A
3qfa,A
3qfa,C
3qj5,A
3qyt,A
3r2q,A
3r68,A
3r6n,A
3r8q,A
3rf3,C
3rk6,A
3rnu,A
3rnu,L
3rx2,A
3s4r,A
3sgr,A
3t89,A
3tbi,A
3tbi,B
3tbk,A
3tcf,A
3tdu,A
3tdu,C
3tdz,E
3tj6,B
3tq7,A
3tq7,B
3tq7,P
3trt,A
3twd,A
3u6b,A
3u6b,C
3unb,2
3unb,3
3unb,4
3unb,A
3unb,B
3unb,C
3unb,D
3unb,E
3unb,F
3unb,G
3unb,H
3unb,I
3unb,J
3unf,H
3unf,K
3unf,N
3v5b,A
3v97,A
3v9j,A
3vht,B
3voy,A
3w31,A
3wgd,A
3x21,A
3zgz,A
3zgz,B
3zho,A
3zxp,A
3zyw,A
4a2c,A
4ad9,A
4af2,A
4aif,A
4b4o,A
4bpm,A
4c2j,A
4cb8,A
4co7,A
4d07,A
4d07,B
4drj,A
4drj,B
4dxz,A
4dzo,A
4en2,A
4en2,B
4en2,D
4ezv,C
4f5f,A
4f8k,A
4f91,B
4fzy,A
4fzy,C
4g6b,A
4g9s,A
4gdo,A
4hor,A
4hrg,A
4hrg,C
4hwo,A
4ihl,P
4ijz,A
4j5q,A
4jje,A
4kbq,A
4kbq,C
4kx4,A
4l3t,A
4li5,A
4liu,A
4lkt,A
4ll1,A
4m5s,A
4m9p,A
4mjs,A
4mjs,B
4moy,A
4moy,B
4muo,A
4nge,B
4nr3,A
4nr3,B
4nz6,A
4o33,A
4o5q,A
4odl,A
4odl,C
4p58,A
4phj,A
4psi,A
4psi,D
4q2t,A
4q57,A
4q57,B
4q5e,A
4q5e,C
4r4l,A
4r5j,A
4r5w,A
4r62,A
4rlo,A
4rm8,A
4rqr,A
4s0z,A
4s3p,A
4u19,A
4w8e,A
4wl0,A
4wmh,A
4wot,A
4x4w,A
4xbn,A
4xo1,A
4xo4,A
4y1u,A
4yew,D
4yf0,A
4yf0,C
4yqf,A
4z07,A
4z3d,A
4z94,G
4zah,A
4zc4,A
4zci,A
4ztd,D
5aox,A
5aox,B
5aox,C
5aqf,B
5ax8,A
5b63,A
5b63,B
5b6c,A
5b6c,B
5c2j,A
5c2j,B
5crv,A
5crv,C
5ctq,A
5cu2,A
5d2d,C
5d6b,A
5d75,A
5dff,V
5dfi,P
5dis,A
5dis,C
5dzz,A
5e7j,A
5e8x,A
5ea2,A
5en1,A
5epc,A
5exa,C
5fw5,C
5fwb,A
5gvi,A
5gy7,A
5he0,G
5i5x,A
5i7q,A
5iit,A
5im0,A
5ioh,B
5j0f,A
5j5z,A
5jm4,D
5jqy,A
5jqy,B
5knn,A
5kof,C
5l5w,A
5l5w,B
5l5w,C
5l5w,D
5l5w,E
5l5w,F
5l5w,G
5l5w,H
5l5w,I
5l5w,J
5l5w,K
5l5w,L
5l5w,M
5l5w,N
5lk5,A
5m36,C
5m81,A
5mjy,E
5mk0,B
5mk1,E
5mk2,C
5mk3,E
5mom,A
5my0,A
5n6c,A
5n88,A
5ohg,C
5opo,A
5oym,A
5tde,A
5thh,A
5u01,E
5u2n,A
5u9m,B
5ukk,A
5umt,A
5umu,A
5uqx,A
5uxf,A
5v62,A
5v62,I
5veq,A
5vjd,A
5vwo,A
5whf,A
5wvo,C
5x1c,A
5xzr,A
5y04,B
5ya0,A
5ydk,A
5ygu,B
5yto,A
5z1z,A
5z23,A
5z23,B
5z23,C
5z23,D
5z23,I
5zqy,A
5zs8,C
6a8p,A
6adi,A
6asy,A
6avj,A
6b0t,A
6b1i,A
6b6u,A
6bfy,A
6byj,A
6byj,G
6byn,M
6c90,A
6c90,B
6cnh,A
6crk,A
6crk,B
6crk,H
6czf,A
6dfl,A
6dno,B
6eel,A
6eg8,I
6eih,A
6f08,D
6fcv,B
6flh,A
6flm,A
6fp6,B
6fuy,A
6gcm,A
6ghd,A
6ghd,B
6ghd,G
6gjh,A
6iam,B
6iin,A
6jeg,A
6mhc,A
6miu,A
6mo6,A
6nhk,A
6ov8,A
6qak,A
6qe3,A
6qh4,A
6qul,A
6qul,a
6qul,B
6qul,b
6qul,C
6qul,c
6qul,D
6qul,d
6qul,E
6qul,e
6qul,F
6qul,f
6qul,G
6qul,H
6qul,K
6qul,L
6qul,M
6qul,N
6qul,O
6qul,P
6qul,Q
6qul,R
6qul,S
6qul,T
6qul,U
6qul,V
6qul,W
6qul,X
6qul,Y
6qul,Z
